Figura,0
0,Cardcaptor Sakura Kinomoto Sakura Figura Precio Unidad Caja
1,Figura Ryuk  + Agenda Death Note Anime Colección
2,Captain Tsubasa Super Campeones Oliver Atom Figura Panini
3,Captain Tsubasa Super Campeones Benji Price Figura Panini
4,Captain Tsubasa Super Campeones Oliver & Tom Figura Panini
5,Shenlong Dragón Ball Z Colección Figura Anime 12 Cm
6,Figura L  Death Note Nendoroid Anime Coleccion
7,"Figura Luffy One Piece , Anime , Coleccion"
8,"Colección X 6 Figuras Sailor Moon Anime, Coleccion Sofitoys"
9,Figuras Anime Death Note Set X 6 Kira  Riuk + Regalo Y Envio
10,Figuras Dragón Ball Boda Goku Y Milk -- Anime - Coleccion 
11,Figura Goku Alas Dragon Ball - Anime 15 Cm Aprox
12,Figura Goku Dragon Ball Super The Movie  The 20 Th Film 
13,Figura Goku Niño En Nube Voladora Envió Gratis 
14,Captain Tsubasa Super Campeones Atajada Benji Figura Panini
15,Figura Goku Bebe  -- Dragon Ball -  Coleccion
16,Figura Naruto Shippuden Tercer Hokage Sarutobi Hiruzen
17,Figura Naruto Kurama Shukaku Colección X 2 Figuras + Envió 
18,Figura Dragon Ball Z Resolution Of Soldiers Goku Vegeta 
19,Izuku Midoriya My Hero Academia Mcfarlane Toys Figura
20,"Figura Shenlong Dragon Ball , Anime Coleccion"
21,"Ikaros Sora No Otoshimono Figura Sexy Anime, Envio Gratis"
