Titulos,Precios
Articulo: 88 Shuttle Set Color Grafico Dibujo Pintura Alcohol Arte ,249.000
Articulo: Borrador De Arte Moldeable Staedtler Karat,6.917
Articulo: Juego Espatulas X 5 Oleo Pintura Acero Inoxidable,4.000
Articulo: Kit Arte Y Color,111
Articulo: Cuadro Decorativo Economico New York City,22.000
Articulo: Plastilina Caja X 24 Colores Jumbo,611
"Articulo: Marcadores De Arte A Base De Alcohol De Punta Doble, Lineon",121.000
Articulo: Pintura Acrilica Produart 60cc X12 Unidades,3.361
Articulo: Pintura Acrílica Al Frió Franco Arte Colores Surtidos 250 Ml,85.000
"Articulo: Kit De Arte Profesional, 58 Piezas De Dibujo Y Boceto,",2.361
"Articulo: Cuadros Para Sala Y Comedor, Diseños De Moda.",6.000
Articulo: Estuche De Marcador Sharpie Plumon Arte Color Escritura,166
Articulo: Cuadros Comedor Y Sala Abstractos,75.900
Articulo: Pinceles Pintura Pintar Óleo Acrílico Acuarela Arte. ,2.108
Articulo: Pack Borradores De Arte Staedtler,49.900
Articulo: Kobwa Profesional Sketch Kit De Dibujo 18 Piezas De Arte De ,1.386
Articulo: Cuadros Bodegones Para Sala Y Comedor,12.400
Articulo: Kit 12 Pinturas Acrilicas + 6 Metálizadas Orocolor Nail Art ,9.900
Articulo: Cuaderno De Bocetos Argollado Doble Libreta De Diseño Arte,275
Articulo: Pinturas Al Frio Colores Franco Arte Tarrito Por 60 Ml,223.900
Articulo: Juego De Marcadores De Arte A Base De Alcohol 40 Colores,6.219
Articulo: Esmalte Uñas Gel Rosalind Uv Led Arte - mL a $1714,79.990
Articulo: Flores Cuadros Decorativos Grandes Sala Comedor,6.666
Articulo: Lapices Profesionales Arte Uslon X12 Entrega Inmediata!!,68.500
Articulo: Tapete Foamy 3 Piezas,5.708
Articulo: Kit 24  Pinturas Textil  Premium Colores Variados  Orocolor ,79.990
Articulo: Cuadros De Caballos Para Sala Y Comedor,6.666
"Articulo: Marcadores De Arte De Alcohol De 60 Colores, Marcador De Col",11.800
Articulo: Pintura Acrilica Produart 60cc X12 Unidades,327
Articulo: Pinceles Set X 5  Redondos Talbot,10.000
Articulo: Borrador De Arte Moldeable Staedtler Karat® 5427 ,277
"Articulo: Kit De Arte Profesional, 58 Piezas De Dibujo Y Boceto,",126.990
Articulo: Cuadros Para Sala O Comedor De Arboles,3.528
"Articulo: Marcadores De Arte Tombow Dbp10-56168 Dual Brush Pen, Secund",84.990
Articulo: Pintura Acrílica Al Frió Franco Arte Colores Surtidos 250 Ml,7.082
Articulo: Cuadros De Leones De Colores,54.900
"Articulo: Marcadores De Arte De Alcohol De 160 Colores, Juego De Marca",4.575
Articulo: Kit De 50 Acrilicos Premium Orocolor 60ml,18.900
Articulo: Barniz 10 0z Brillante O Mate No Oleo Franco Arte,1.575
Articulo: Cuadros Grandes Para Sala Y Comedor,18.900
Articulo: Caliart 40100 Colores Arte Marcadores Rotuladores Individual,15.100
Articulo: Lápices Faber Castell 119065 Para Arte Set 9000 C X12 Unidad,419
Articulo: Colchónetas Camping Para Ejercicio Enrollables,188.600
"Articulo: Marcadores De Arte De Alcohol De 100 Colores, Juego De Marca",5.239
Articulo: Kit 24 Pinturas Acrilicas Premium Orocolor 60ml,12.000
Articulo: 80 Set Color Marcadores A Base De Alcohol Arte De Dibujo Gra,1.000
Articulo: Colchónetas Camping Para Ejercicio,104.990
Articulo: Artify Artist Set De Marcadores De Arte A Base De Alcohol 80,8.749
"Articulo: Kit Del Arte Madisi 100 Unidades - 36 Lápices De Acuarela,",39.890
Articulo: Caliart 40100 Colores Arte Marcadores Rotuladores Individual,1.108
"Articulo: Kit Para Pintar Por Números Para Adultos Y Niños, Ciervo",1.000
Articulo: 48 Marcadores De Arte En Color Set Ohuhu Pincel De Doble Pun,83
Articulo: Cuadros Para Sala Tipo Cascada De Moda,61.900
"Articulo: Kit Del Arte Madisi 100 Unidades - 36 Lápices De Acuarela,",1.719
Articulo: Hacer Un Punto De Arte! Markers - Marcadores De Pintura Lava,84.990
Articulo: Kit De 12 Vitral Solvente De 30ml + Delineador Vitral 60ml,7.082
